transaction_id,label
TXN-240002,normal
TXN-240004,normal
TXN-240007,normal
TXN-240008,normal
TXN-240011,normal
TXN-240013,normal
TXN-240016,normal
TXN-240019,normal
TXN-240021,normal
TXN-240024,normal
TXN-240025,normal
TXN-240026,normal
TXN-240028,normal
TXN-240030,normal
TXN-240032,normal
TXN-240035,normal
TXN-240037,normal
TXN-240039,normal
TXN-240041,normal
TXN-240043,normal
TXN-240044,normal
TXN-240045,normal
TXN-240048,normal
TXN-240050,normal
TXN-240052,normal
TXN-240053,normal
TXN-240054,normal
TXN-240055,normal
TXN-240058,normal
TXN-240059,normal
TXN-240062,normal
TXN-240063,normal
TXN-240065,normal
TXN-240068,normal
TXN-240071,normal
TXN-240074,normal
TXN-240075,normal
TXN-240076,normal
TXN-240078,normal
TXN-240079,normal
TXN-240080,normal
TXN-240082,normal
TXN-240085,normal
TXN-240087,normal
TXN-240090,normal
TXN-240091,normal
TXN-240092,normal
TXN-240094,normal
TXN-240096,normal
TXN-240098,normal
TXN-240100,normal
TXN-240101,normal
TXN-240102,normal
TXN-240103,normal
TXN-240105,normal
TXN-240108,normal
TXN-240111,normal
TXN-240112,normal
TXN-240114,normal
TXN-240116,normal
TXN-240117,normal
TXN-240120,normal
TXN-240122,normal
TXN-240125,normal
TXN-240126,normal
TXN-240128,normal
TXN-240129,normal
TXN-240130,normal
TXN-240133,normal
TXN-240134,normal
TXN-240135,normal
TXN-240138,normal
TXN-240141,normal
TXN-240143,normal
TXN-240145,normal
TXN-240146,normal
TXN-240149,normal
TXN-240150,normal
TXN-240153,normal
TXN-240156,normal
TXN-240158,normal
TXN-240159,normal
TXN-240161,normal
TXN-240163,normal
TXN-240164,normal
TXN-240165,normal
TXN-240166,normal
TXN-240168,normal
TXN-240169,normal
TXN-240172,normal
TXN-240173,normal
TXN-240175,normal
TXN-240177,normal
TXN-240178,normal
TXN-240181,normal
TXN-240184,normal
TXN-240187,normal
TXN-240189,normal
TXN-240192,normal
TXN-240193,normal
TXN-240194,normal
TXN-240195,normal
TXN-240198,normal
TXN-240199,normal
TXN-240201,normal
TXN-240203,normal
TXN-240206,normal
TXN-240209,normal
TXN-240210,normal
TXN-240213,normal
TXN-240214,normal
TXN-240215,normal
TXN-240218,normal
TXN-240219,normal
TXN-240222,normal
TXN-240224,normal
TXN-240225,normal
TXN-240226,normal
TXN-240227,normal
TXN-240229,normal
TXN-240230,normal
TXN-240231,normal
TXN-240233,normal
TXN-240234,normal
TXN-240236,normal
TXN-240237,normal
TXN-240239,normal
TXN-240241,normal
TXN-240244,normal
TXN-240247,normal
TXN-240249,normal
TXN-240252,normal
TXN-240253,normal
TXN-240256,normal
TXN-240259,normal
TXN-240262,normal
TXN-240263,normal
TXN-240265,normal
TXN-240267,normal
TXN-240268,normal
TXN-240269,normal
TXN-240270,normal
TXN-240273,normal
TXN-240274,normal
TXN-240275,normal
TXN-240277,normal
TXN-240279,normal
TXN-240282,normal
TXN-240283,normal
TXN-240286,normal
TXN-240287,normal
TXN-240288,normal
TXN-240290,normal
TXN-240291,normal
TXN-240294,normal
TXN-240297,normal
TXN-240298,normal
TXN-240299,normal
TXN-240302,normal
TXN-240303,normal
TXN-240304,normal
TXN-240306,normal
TXN-240309,normal
TXN-240312,normal
TXN-240314,normal
TXN-240316,normal
TXN-240319,normal
TXN-240322,normal
TXN-240325,normal
TXN-240326,normal
TXN-240327,normal
TXN-240328,normal
TXN-240329,normal
TXN-240332,normal
TXN-240335,normal
TXN-240338,normal
TXN-240340,normal
TXN-240342,normal
TXN-240344,normal
TXN-240346,normal
TXN-240347,normal
TXN-240349,normal
TXN-240350,normal
TXN-240353,normal
TXN-240354,normal
TXN-240356,normal
TXN-240357,normal
TXN-240360,normal
TXN-240363,normal
TXN-240365,normal
TXN-240367,normal
TXN-240370,normal
TXN-240371,normal
TXN-240373,normal
TXN-240375,normal
TXN-240378,normal
TXN-240381,normal
TXN-240382,normal
TXN-240384,normal
TXN-240386,normal
TXN-240388,normal
TXN-240391,normal
TXN-240394,normal
TXN-240397,normal
TXN-240400,normal
TXN-240403,normal
TXN-240405,normal
TXN-240406,normal
TXN-240408,normal
TXN-240409,normal
TXN-240412,normal
TXN-240414,normal
TXN-240416,normal
TXN-240418,normal
TXN-240421,normal
TXN-240423,normal
TXN-240426,normal
TXN-240429,normal
TXN-240432,normal
TXN-240433,normal
TXN-240435,normal
TXN-240438,normal
TXN-240440,normal
TXN-240441,normal
TXN-240442,normal
TXN-240443,normal
TXN-240446,normal
TXN-240449,normal
TXN-240450,normal
TXN-240451,normal
TXN-240452,normal
TXN-240453,normal
TXN-240455,normal
TXN-240458,normal
TXN-240459,normal
TXN-240460,normal
TXN-240461,normal
TXN-240463,normal
TXN-240464,normal
TXN-240466,normal
TXN-240469,normal
TXN-240471,normal
TXN-240472,normal
TXN-240473,normal
TXN-240475,normal
TXN-240477,normal
TXN-240479,normal
TXN-240480,normal
TXN-240483,normal
TXN-240486,normal
TXN-240488,normal
TXN-240490,normal
TXN-240491,normal
TXN-240494,normal
TXN-240496,normal
TXN-240497,normal
TXN-240498,normal
TXN-240500,normal
TXN-240501,normal
TXN-240503,normal
TXN-240505,normal
TXN-240507,normal
TXN-240510,normal
TXN-240511,normal
TXN-240513,normal
TXN-240514,normal
TXN-240516,normal
TXN-240517,normal
TXN-240519,normal
TXN-240521,normal
TXN-240522,normal
TXN-240523,normal
TXN-240526,normal
TXN-240528,normal
TXN-240529,normal
TXN-240531,normal
TXN-240532,normal
TXN-240534,normal
TXN-240537,normal
TXN-240540,normal
TXN-240541,normal
TXN-240542,normal
TXN-240543,normal
TXN-240546,normal
TXN-240549,normal
TXN-240550,normal
TXN-240553,normal
TXN-240555,normal
TXN-240557,normal
TXN-240560,normal
TXN-240563,normal
TXN-240564,normal
TXN-240566,normal
TXN-240567,normal
TXN-240568,normal
TXN-240571,normal
TXN-240573,normal
TXN-240576,normal
TXN-240577,normal
TXN-240579,normal
TXN-240580,normal
TXN-240581,normal
TXN-240582,normal
TXN-240585,normal
TXN-240588,normal
TXN-240589,normal
TXN-240591,normal
TXN-240593,normal
TXN-240596,normal
TXN-240598,normal
TXN-240601,normal
TXN-240604,normal
TXN-240605,normal
TXN-240608,normal
TXN-240610,normal
TXN-240612,normal
TXN-240614,normal
TXN-240616,normal
TXN-240618,normal
TXN-240620,normal
TXN-240621,normal
TXN-240624,normal
TXN-240626,normal
TXN-240627,normal
TXN-240628,normal
TXN-240631,normal
TXN-240632,normal
TXN-240633,normal
TXN-240634,normal
TXN-240636,normal
TXN-240639,normal
TXN-240640,normal
TXN-240642,normal
TXN-240643,normal
TXN-240645,normal
TXN-240648,normal
TXN-240651,normal
TXN-240654,normal
TXN-240657,normal
TXN-240660,normal
TXN-240662,normal
TXN-240664,normal
TXN-240665,normal
TXN-240668,normal
TXN-240671,normal
TXN-240674,normal
TXN-240676,normal
TXN-240678,normal
TXN-240679,normal
TXN-240682,normal
TXN-240683,normal
TXN-240686,normal
TXN-240687,normal
TXN-240688,normal
TXN-240691,normal
TXN-240692,normal
TXN-240694,normal
TXN-240696,normal
TXN-240698,normal
TXN-240701,normal
TXN-240703,normal
TXN-240706,normal
TXN-240707,normal
TXN-240708,normal
TXN-240711,normal
TXN-240714,normal
TXN-240716,normal
TXN-240719,normal
TXN-240720,normal
TXN-240723,normal
TXN-240726,normal
TXN-240727,normal
TXN-240728,normal
TXN-240730,normal
TXN-240732,normal
TXN-240733,normal
TXN-240735,normal
TXN-240736,normal
TXN-240737,normal
TXN-240738,normal
TXN-240741,normal
TXN-240744,normal
TXN-240747,normal
TXN-240750,normal
TXN-240752,normal
TXN-240754,normal
TXN-240755,normal
TXN-240757,normal
TXN-240758,normal
TXN-240760,normal
TXN-240763,normal
TXN-240765,normal
TXN-240767,normal
TXN-240769,normal
TXN-240772,normal
TXN-240774,normal
TXN-240775,normal
TXN-240776,normal
TXN-240779,normal
TXN-240782,normal
TXN-240785,normal
TXN-240787,normal
TXN-240788,normal
TXN-240790,normal
TXN-240792,normal
TXN-240795,normal
TXN-240797,normal
TXN-240800,normal
TXN-240802,normal
TXN-240804,normal
TXN-240807,normal
TXN-240809,normal
TXN-240811,normal
TXN-240812,normal
TXN-240815,normal
TXN-240816,normal
TXN-240817,normal
TXN-240819,normal
TXN-240821,normal
TXN-240823,normal
TXN-240824,normal
TXN-240826,normal
TXN-240828,normal
TXN-240829,normal
TXN-240830,normal
TXN-240833,normal
TXN-240836,normal
TXN-240838,normal
TXN-240841,normal
TXN-240844,normal
TXN-240847,normal
TXN-240848,normal
TXN-240849,normal
TXN-240850,normal
TXN-240852,normal
TXN-240853,normal
TXN-240854,normal
TXN-240855,normal
TXN-240857,normal
TXN-240858,normal
TXN-240859,normal
TXN-240860,normal
TXN-240861,normal
TXN-240864,normal
TXN-240867,normal
TXN-240869,normal
TXN-240872,normal
TXN-240875,normal
TXN-240877,normal
TXN-240879,normal
TXN-240882,normal
TXN-240885,normal
TXN-240886,normal
TXN-240888,normal
TXN-240890,normal
TXN-240893,normal
TXN-240895,normal
TXN-240896,normal
TXN-240897,normal
TXN-240898,normal
TXN-240899,normal
TXN-240900,normal
TXN-240901,normal
TXN-240903,normal
TXN-240905,normal
TXN-240906,normal
TXN-240909,normal
TXN-240910,normal
TXN-240911,normal
TXN-240912,normal
TXN-240913,normal
TXN-240914,normal
TXN-240917,normal
TXN-240918,normal
TXN-240921,normal
TXN-240923,normal
TXN-240924,normal
TXN-240926,normal
TXN-240927,normal
TXN-240930,normal
TXN-240932,normal
TXN-240935,normal
TXN-240937,normal
TXN-240939,normal
TXN-240941,normal
TXN-240942,normal
TXN-240944,normal
TXN-240945,normal
TXN-240946,normal
TXN-240948,normal
TXN-240949,normal
TXN-240951,normal
TXN-240954,normal
TXN-240957,normal
TXN-240960,normal
TXN-240962,normal
TXN-240963,normal
TXN-240964,normal
TXN-240965,normal
TXN-240967,normal
TXN-240970,normal
TXN-240973,normal
TXN-240974,normal
TXN-240977,normal
TXN-240978,normal
TXN-240979,normal
TXN-240981,normal
TXN-240982,normal
TXN-240985,normal
TXN-240987,normal
TXN-240988,normal
TXN-240989,normal
TXN-240990,normal
TXN-240993,normal
TXN-240995,normal
TXN-240998,normal
TXN-241001,normal
TXN-241003,normal
TXN-241005,normal
TXN-241008,normal
TXN-241009,normal
TXN-241010,normal
TXN-241012,normal
TXN-241013,normal
TXN-241016,normal
TXN-241017,normal
TXN-241019,normal
TXN-241021,normal
TXN-241023,normal
TXN-241024,normal
TXN-241026,normal
TXN-241028,normal
TXN-241029,normal
TXN-241031,normal
TXN-241032,normal
TXN-241034,normal
TXN-241035,normal
TXN-241037,normal
TXN-241039,normal
TXN-241041,normal
TXN-241042,normal
TXN-241044,normal
TXN-241047,normal
TXN-241048,normal
TXN-241051,normal
TXN-241052,normal
TXN-241053,normal
TXN-241056,normal
TXN-241057,normal
TXN-241059,normal
TXN-241060,normal
TXN-241061,normal
TXN-241064,normal
TXN-241067,normal
TXN-241068,normal
TXN-241069,normal
TXN-241071,normal
TXN-241072,normal
TXN-241074,normal
TXN-241077,normal
TXN-241079,normal
TXN-241080,normal
TXN-241082,normal
TXN-241084,normal
TXN-241086,normal
TXN-241088,normal
TXN-241089,normal
TXN-241090,normal
TXN-241093,normal
TXN-241095,normal
TXN-241097,normal
TXN-241098,normal
TXN-241101,normal
TXN-241102,normal
TXN-241103,normal
TXN-241106,normal
TXN-241109,normal
TXN-241111,normal
TXN-241113,normal
TXN-241114,normal
TXN-241115,normal
TXN-241117,normal
TXN-241120,normal
TXN-241123,normal
TXN-241125,normal
TXN-241127,normal
TXN-241130,normal
TXN-241131,normal
TXN-241133,normal
TXN-241134,normal
TXN-241137,normal
TXN-241138,normal
TXN-241140,normal
TXN-241141,normal
TXN-241143,normal
TXN-241146,normal
TXN-241148,normal
TXN-241149,normal
TXN-241152,normal
TXN-241154,normal
TXN-241155,normal
TXN-241158,normal
TXN-241161,normal
TXN-241163,normal
TXN-241165,normal
TXN-241168,normal
TXN-241171,normal
TXN-241173,normal
TXN-241176,normal
TXN-241178,normal
TXN-241179,normal
TXN-241182,normal
TXN-241183,normal
TXN-241184,normal
TXN-241185,normal
TXN-241187,normal
TXN-241188,normal
TXN-241191,normal
TXN-241193,normal
TXN-241196,normal
TXN-241197,normal
TXN-241199,normal
TXN-241200,normal
TXN-241201,normal
TXN-241204,normal
TXN-241207,normal
TXN-241208,normal
TXN-241210,normal
TXN-241213,normal
TXN-241215,normal
TXN-241216,normal
TXN-241218,normal
TXN-241219,normal
TXN-241220,normal
TXN-241222,normal
TXN-241225,normal
TXN-241227,normal
TXN-241228,normal
TXN-241231,normal
TXN-241234,normal
TXN-241235,normal
TXN-241236,normal
TXN-241238,normal
TXN-241241,normal
TXN-241242,normal
TXN-241245,normal
TXN-241246,normal
TXN-241249,normal
TXN-241251,normal
TXN-241252,normal
TXN-241253,normal
TXN-241254,normal
TXN-241256,normal
TXN-241257,normal
TXN-241258,normal
TXN-241259,normal
TXN-241262,normal
TXN-241263,normal
TXN-241265,normal
TXN-241266,normal
TXN-241267,normal
TXN-241270,normal
TXN-241271,normal
TXN-241274,normal
TXN-241275,normal
TXN-241276,normal
TXN-241279,normal
TXN-241281,normal
TXN-241282,normal
TXN-241284,normal
TXN-241285,normal
TXN-241287,normal
TXN-241288,normal
TXN-241289,normal
TXN-241290,normal
TXN-241292,normal
TXN-241293,normal
TXN-241296,normal
TXN-241297,normal
TXN-241298,normal
TXN-241300,normal
TXN-241303,normal
TXN-241305,normal
TXN-241306,normal
TXN-241309,normal
TXN-241312,normal
TXN-241315,normal
TXN-241316,normal
TXN-241318,normal
TXN-241320,normal
TXN-241322,normal
TXN-241325,normal
TXN-241328,normal
TXN-241330,normal
TXN-241332,normal
TXN-241333,normal
TXN-241336,normal
TXN-241339,normal
TXN-241340,normal
TXN-241343,normal
TXN-241346,normal
TXN-241348,normal
TXN-241351,normal
TXN-241352,normal
TXN-241354,normal
TXN-241357,normal
TXN-241360,normal
TXN-241361,normal
TXN-241363,normal
TXN-241364,normal
TXN-241365,normal
TXN-241367,normal
TXN-241370,normal
TXN-241371,normal
TXN-241372,normal
TXN-241375,normal
TXN-241378,normal
TXN-241380,normal
TXN-241383,normal
TXN-241386,normal
TXN-241387,normal
TXN-241388,normal
TXN-241389,normal
TXN-241391,normal
TXN-241393,normal
TXN-241395,normal
TXN-241397,normal
TXN-241399,normal
TXN-241401,normal
TXN-241402,normal
TXN-241403,normal
TXN-241406,normal
TXN-241409,normal
TXN-241410,normal
TXN-241412,normal
TXN-241414,normal
TXN-241416,normal
TXN-241419,normal
TXN-241420,normal
TXN-241421,normal
TXN-241424,normal
TXN-241425,normal
TXN-241426,normal
TXN-241429,normal
TXN-241432,normal
TXN-241434,normal
TXN-241437,normal
TXN-241439,normal
TXN-241440,normal
TXN-241442,normal
TXN-241444,normal
TXN-241446,normal
TXN-241447,normal
TXN-241448,normal
TXN-241451,normal
TXN-241453,normal
TXN-241455,normal
TXN-241458,normal
TXN-241460,normal
TXN-241461,normal
TXN-241464,normal
TXN-241467,normal
TXN-241470,normal
TXN-241472,normal
TXN-241475,normal
TXN-241476,normal
TXN-241478,normal
TXN-241480,normal
TXN-241483,normal
TXN-241484,normal
TXN-241486,normal
TXN-241487,normal
TXN-241488,normal
TXN-241490,normal
TXN-241493,normal
TXN-241496,normal
TXN-241498,normal
TXN-241501,normal
TXN-241502,normal
TXN-241503,normal
TXN-241506,normal
TXN-241507,normal
TXN-241509,normal
TXN-241511,normal
TXN-241514,normal
TXN-241515,normal
TXN-241516,normal
TXN-241518,normal
TXN-241521,normal
TXN-241522,normal
TXN-241523,normal
TXN-241524,normal
TXN-241527,normal
TXN-241529,normal
TXN-241532,normal
TXN-241535,normal
TXN-241537,normal
TXN-241539,normal
TXN-241540,normal
TXN-241543,normal
TXN-241546,normal
TXN-241549,normal
TXN-241551,normal
TXN-241552,normal
TXN-241553,normal
TXN-241554,normal
TXN-241555,normal
TXN-241558,normal
TXN-241560,normal
TXN-241562,normal
TXN-241564,normal
TXN-241567,normal
TXN-241568,normal
TXN-241569,normal
TXN-241571,normal
TXN-241573,normal
TXN-241575,normal
TXN-241577,normal
TXN-241578,normal
TXN-241581,normal
TXN-241583,normal
TXN-241586,normal
TXN-241589,normal
TXN-241592,normal
TXN-241593,normal
TXN-241595,normal
TXN-241596,normal
TXN-241598,normal
TXN-241599,normal
TXN-241601,normal
TXN-241604,normal
TXN-241606,normal
TXN-241608,normal
TXN-241611,normal
TXN-241614,normal
TXN-241617,normal
TXN-241619,normal
TXN-241622,normal
TXN-241623,normal
TXN-241624,normal
TXN-241626,normal
TXN-241627,normal
TXN-241629,normal
TXN-241631,normal
TXN-241634,normal
TXN-241637,normal
TXN-241638,normal
TXN-241641,normal
TXN-241644,normal
TXN-241647,normal
TXN-241650,normal
TXN-241652,normal
TXN-241654,normal
TXN-241657,normal
TXN-241660,normal
TXN-241662,normal
TXN-241663,normal
TXN-241664,normal
TXN-241666,normal
TXN-241669,normal
TXN-241671,normal
TXN-241674,normal
TXN-241675,normal
TXN-241676,normal
TXN-241678,normal
TXN-241681,normal
TXN-241684,normal
TXN-241687,normal
TXN-241690,normal
TXN-241692,normal
TXN-241694,normal
TXN-241695,normal
TXN-241697,normal
TXN-241698,normal
TXN-241700,normal
TXN-241703,normal
TXN-241705,normal
TXN-241707,normal
TXN-241708,normal
TXN-241709,normal
TXN-241712,normal
TXN-241713,normal
TXN-241715,normal
TXN-241717,normal
TXN-241718,normal
TXN-241719,normal
TXN-241720,normal
TXN-241721,normal
TXN-241724,normal
TXN-241725,normal
TXN-241726,normal
TXN-241729,normal
TXN-241731,normal
TXN-241734,normal
TXN-241737,normal
TXN-241739,normal
TXN-241742,normal
TXN-241745,normal
TXN-241748,normal
TXN-241749,normal
TXN-241751,normal
TXN-241754,normal
TXN-241755,normal
TXN-241758,normal
TXN-241760,normal
TXN-241761,normal
TXN-241764,normal
TXN-241766,normal
TXN-241768,normal
TXN-241769,normal
TXN-241772,normal
TXN-241774,normal
TXN-241777,normal
TXN-241780,normal
TXN-241782,normal
TXN-241783,normal
TXN-241785,normal
TXN-241786,normal
TXN-241787,normal
TXN-241788,normal
TXN-241789,normal
TXN-241790,normal
TXN-241791,normal
TXN-241794,normal
TXN-241796,normal
TXN-241797,normal
TXN-241799,normal
TXN-241802,normal
TXN-241803,normal
TXN-241805,normal
TXN-241808,normal
TXN-241809,normal
TXN-241810,normal
TXN-241811,normal
TXN-241813,normal
TXN-241814,normal
TXN-241816,normal
TXN-241818,normal
TXN-241821,normal
TXN-241823,normal
TXN-241824,normal
TXN-241825,normal
TXN-241826,normal
TXN-241827,normal
TXN-241829,normal
TXN-241832,normal
TXN-241835,normal
TXN-241836,normal
TXN-241837,normal
TXN-241838,normal
TXN-241840,normal
TXN-241841,normal
TXN-241844,normal
TXN-241847,normal
TXN-241848,normal
TXN-241850,normal
TXN-241852,normal
TXN-241854,normal
TXN-241857,normal
TXN-241859,normal
TXN-241860,normal
TXN-241863,normal
TXN-241864,normal
TXN-241866,normal
TXN-241869,normal
TXN-241870,normal
TXN-241872,normal
TXN-241875,normal
TXN-241877,normal
TXN-241878,normal
TXN-241879,normal
TXN-241882,normal
TXN-241885,normal
TXN-241888,normal
TXN-241891,normal
TXN-241894,normal
TXN-241897,normal
TXN-241898,normal
TXN-241899,normal
TXN-241900,normal
TXN-241902,normal
TXN-241904,normal
TXN-241905,normal
TXN-241906,normal
TXN-241909,normal
TXN-241910,normal
TXN-241911,normal
TXN-241914,normal
TXN-241916,normal
TXN-241917,normal
TXN-241919,normal
TXN-241921,normal
TXN-241924,normal
TXN-241926,normal
TXN-241929,normal
TXN-241931,normal
TXN-241934,normal
TXN-241937,normal
TXN-241938,normal
TXN-241940,normal
TXN-241943,normal
TXN-241944,normal
TXN-241947,normal
TXN-241950,normal
TXN-241953,normal
TXN-241955,normal
TXN-241957,normal
TXN-241960,normal
TXN-241961,normal
TXN-241963,normal
TXN-241964,normal
TXN-241966,normal
TXN-241969,normal
TXN-241972,normal
TXN-241973,normal
TXN-241976,normal
TXN-241978,normal
TXN-241979,normal
TXN-241982,normal
TXN-241984,normal
TXN-241987,normal
TXN-241989,normal
TXN-241992,normal
TXN-241995,normal
TXN-241996,normal
TXN-241999,normal
TXN-242000,normal
TXN-242003,normal
TXN-242004,normal
TXN-242006,normal
TXN-242009,normal
TXN-242011,normal
TXN-242012,normal
TXN-242015,normal
TXN-242017,normal
TXN-242020,normal
TXN-242022,normal
TXN-242025,normal
TXN-242027,normal
TXN-242030,normal
TXN-242031,normal
TXN-242034,normal
TXN-242035,normal
TXN-242037,normal
TXN-242039,normal
TXN-242041,normal
TXN-242042,normal
TXN-242045,normal
TXN-242047,normal
TXN-242048,normal
TXN-242049,normal
TXN-242050,normal
TXN-242053,normal
TXN-242054,normal
TXN-242057,normal
TXN-242059,normal
TXN-242062,normal
TXN-242064,normal
TXN-242067,normal
TXN-242069,normal
TXN-242071,normal
TXN-242072,normal
TXN-242074,normal
TXN-242076,normal
TXN-242077,normal
TXN-242079,normal
TXN-242081,normal
TXN-242082,normal
TXN-242083,normal
TXN-242086,normal
TXN-242089,normal
TXN-242092,normal
TXN-242093,normal
TXN-242096,normal
TXN-242099,normal
TXN-242102,normal
TXN-242104,normal
TXN-242106,normal
TXN-242108,normal
TXN-242111,normal
TXN-242113,normal
TXN-242114,normal
TXN-242117,normal
TXN-242120,normal
TXN-242122,normal
TXN-242123,normal
TXN-242125,normal
TXN-242126,normal
TXN-242128,normal
TXN-242130,normal
TXN-242132,normal
TXN-242133,normal
TXN-242135,normal
TXN-242137,normal
TXN-242138,normal
TXN-242141,normal
TXN-242144,normal
TXN-242146,normal
TXN-242148,normal
TXN-242149,normal
TXN-242152,normal
TXN-242154,normal
TXN-242156,normal
TXN-242158,normal
TXN-242161,normal
TXN-242163,normal
TXN-242166,normal
TXN-242167,normal
TXN-242169,normal
TXN-242171,normal
TXN-242174,normal
TXN-242175,normal
TXN-242176,normal
TXN-242178,normal
TXN-242180,normal
TXN-242181,normal
TXN-242183,normal
TXN-242184,normal
TXN-242187,normal
TXN-242190,normal
TXN-242193,normal
TXN-242195,normal
TXN-242198,normal
TXN-242200,normal
TXN-242202,normal
TXN-242204,normal
TXN-242206,normal
TXN-242209,normal
TXN-242211,normal
TXN-242213,normal
TXN-242215,normal
TXN-242218,normal
TXN-242220,normal
TXN-242223,normal
TXN-242224,normal
TXN-242226,normal
TXN-242227,normal
TXN-242228,normal
TXN-242230,normal
TXN-242233,normal
TXN-242236,normal
TXN-242239,normal
TXN-242242,normal
TXN-242243,normal
TXN-242246,normal
TXN-242247,normal
TXN-242249,normal
TXN-242251,normal
TXN-242252,policy_violation
TXN-242254,policy_violation
TXN-242255,policy_violation
TXN-242257,policy_violation
TXN-242259,policy_violation
TXN-242262,policy_violation
TXN-242263,duplicate
TXN-242264,duplicate
TXN-242267,duplicate
TXN-242270,duplicate
TXN-242273,duplicate
TXN-242275,duplicate
TXN-242278,duplicate
TXN-242281,duplicate
TXN-242282,employee_anomaly
TXN-242283,employee_anomaly
TXN-242285,employee_anomaly
TXN-242288,employee_anomaly
TXN-242291,employee_anomaly
TXN-242293,employee_anomaly
TXN-242294,category_anomaly
TXN-242297,category_anomaly
TXN-242300,category_anomaly
TXN-242302,category_anomaly
TXN-242304,missing_receipt
TXN-242307,missing_receipt
TXN-242310,missing_receipt
TXN-242311,missing_receipt
TXN-242313,missing_receipt
TXN-242315,missing_receipt
TXN-242318,missing_receipt
TXN-242321,restricted
TXN-242323,restricted
TXN-242326,restricted
TXN-242329,restricted
TXN-242332,threshold_split
TXN-242333,threshold_split
TXN-242336,threshold_split
TXN-242339,threshold_split
TXN-242342,threshold_split
TXN-242343,threshold_split
TXN-242344,threshold_split
TXN-242345,threshold_split
TXN-242347,threshold_split
TXN-242348,normal
TXN-242351,normal
TXN-242353,normal
TXN-242355,normal
TXN-242356,normal
TXN-242358,normal
TXN-242359,normal
TXN-251001,policy_violation
TXN-251002,policy_violation
TXN-251003,duplicate
TXN-251004,employee_anomaly
TXN-251005,category_anomaly
TXN-251006,missing_receipt
TXN-251007,unusual_legitimate
